Email,First Name,Last Name,Phone,Company,Position,Country,City
john.doe@example.com,John,Doe,+1234567890,Tech Corp,Developer,USA,New York
jane.smith@example.com,Jane,Smith,+1234567891,Design Studio,Designer,USA,Los Angeles
mike.johnson@example.com,Mike,Johnson,+1234567892,Marketing Inc,Manager,USA,Chicago
sarah.wilson@example.com,Sarah,Wilson,+1234567893,Sales Co,Representative,USA,Miami
david.brown@example.com,David,Brown,+1234567894,Consulting LLC,Consultant,USA,Seattle
lisa.garcia@example.com,Lisa,Garcia,+1234567895,Finance Corp,Analyst,USA,Boston
robert.martinez@example.com,Robert,Martinez,+1234567896,Legal Firm,Attorney,USA,Dallas
emily.anderson@example.com,Emily,Anderson,+1234567897,Healthcare Inc,Nurse,USA,Phoenix
james.taylor@example.com,James,Taylor,+1234567898,Education Co,Teacher,USA,Denver
maria.rodriguez@example.com,Maria,Rodriguez,+1234567899,Retail Store,Manager,USA,Atlanta